{
  "project_info": {
    "project_number": "503655291132",
    "firebase_url": "https://projetoteste123-81f8f-default-rtdb.firebaseio.com",
    "project_id": "projetoteste123-81f8f",
    "storage_bucket": "projetoteste123-81f8f.appspot.com"
  },
  "client": [
    {
      "client_info": {
        "mobilesdk_app_id": "1:503655291132:android:210e05024b27c471019f79",
        "android_client_info": {
          "package_name": "com.example.trabalhojogos"
        }
      },
      "oauth_client": [
        {
          "client_id": "503655291132-b0dblurbjke4fiqluf2162g5cvui0a24.apps.googleusercontent.com",
          "client_type": 3
        }
      ],
      "api_key": [
        {
          "current_key": "AIzaSyDA51uQkpaFn9X4RaY3hrF2P8rM0vv71Dg"
        }
      ],
      "services": {
        "appinvite_service": {
          "other_platform_oauth_client": [
            {
              "client_id": "503655291132-b0dblurbjke4fiqluf2162g5cvui0a24.apps.googleusercontent.com",
              "client_type": 3
            }
          ]
        }
      }
    },
    {
      "client_info": {
        "mobilesdk_app_id": "1:503655291132:android:0db5652f4ba3d0d7019f79",
        "android_client_info": {
          "package_name": "com.example.trabalhojogos"
        }
      },
      "oauth_client": [
        {
          "client_id": "503655291132-b0dblurbjke4fiqluf2162g5cvui0a24.apps.googleusercontent.com",
          "client_type": 3
        }
      ],
      "api_key": [
        {
          "current_key": "AIzaSyDA51uQkpaFn9X4RaY3hrF2P8rM0vv71Dg"
        }
      ],
      "services": {
        "appinvite_service": {
          "other_platform_oauth_client": [
            {
              "client_id": "503655291132-b0dblurbjke4fiqluf2162g5cvui0a24.apps.googleusercontent.com",
              "client_type": 3
            }
          ]
        }
      }
    },
    {
      "client_info": {
        "mobilesdk_app_id": "1:503655291132:android:bf15bd499a6c6a0e019f79",
        "android_client_info": {
          "package_name": "com.example.trabalhojogos"
        }
      },
      "oauth_client": [
        {
          "client_id": "503655291132-p5s0esea09tun9441kback1i06ilrie9.apps.googleusercontent.com",
          "client_type": 1,
          "android_info": {
            "package_name": "com.example.trabalhojogos",
            "certificate_hash": "1dbfc05d20201bcb46b5af4e1b13050399259dfc"
          }
        },
        {
          "client_id": "503655291132-b0dblurbjke4fiqluf2162g5cvui0a24.apps.googleusercontent.com",
          "client_type": 3
        }
      ],
      "api_key": [
        {
          "current_key": "AIzaSyDA51uQkpaFn9X4RaY3hrF2P8rM0vv71Dg"
        }
      ],
      "services": {
        "appinvite_service": {
          "other_platform_oauth_client": [
            {
              "client_id": "503655291132-b0dblurbjke4fiqluf2162g5cvui0a24.apps.googleusercontent.com",
              "client_type": 3
            }
          ]
        }
      }
    },
    {
      "client_info": {
        "mobilesdk_app_id": "1:503655291132:android:ac29218799c8a995019f79",
        "android_client_info": {
          "package_name": "com.example.trabalhojogos"
        }
      },
      "oauth_client": [
        {
          "client_id": "503655291132-k7tikfjus60nv9d1sttqhkv14f05v8gs.apps.googleusercontent.com",
          "client_type": 1,
          "android_info": {
            "package_name": "com.example.trabalhojogos",
            "certificate_hash": "1dbfc05d20201bcb46b5af4e1b13050399259dfc"
          }
        },
        {
          "client_id": "503655291132-b0dblurbjke4fiqluf2162g5cvui0a24.apps.googleusercontent.com",
          "client_type": 3
        }
      ],
      "api_key": [
        {
          "current_key": "AIzaSyDA51uQkpaFn9X4RaY3hrF2P8rM0vv71Dg"
        }
      ],
      "services": {
        "appinvite_service": {
          "other_platform_oauth_client": [
            {
              "client_id": "503655291132-b0dblurbjke4fiqluf2162g5cvui0a24.apps.googleusercontent.com",
              "client_type": 3
            }
          ]
        }
      }
    }
  ],
  "configuration_version": "1"
}